{
  "accuracy": [
    0.5490196347236633
  ],
  "loss": [
    0.7467942833900452
  ],
  "val_accuracy": [
    0.23076923191547394
  ],
  "val_loss": [
    0.7280483245849609
  ]
}