{
  "accuracy": [
    0.7400000095367432,
    0.8642857074737549,
    0.9571428298950195,
    0.9900000095367432,
    0.9971428513526917,
    1.0
  ],
  "loss": [
    0.6613302826881409,
    0.326004296541214,
    0.1149229109287262,
    0.03368128836154938,
    0.013756586238741875,
    0.007118322420865297
  ],
  "val_accuracy": [
    0.5,
    0.5,
    0.5,
    0.5,
    0.5,
    0.5
  ],
  "val_loss": [
    0.7532542943954468,
    1.7934494018554688,
    2.998918056488037,
    4.001400470733643,
    4.725879192352295,
    5.414536476135254
  ],
  "learning_rate": [
    0.0010000000474974513,
    0.0010000000474974513,
    0.0010000000474974513,
    0.0010000000474974513,
    0.0005000000237487257,
    0.0005000000237487257
  ]
}