{
  "accuracy": [
    0.8399999737739563,
    0.9742857217788696,
    0.9971428513526917,
    1.0,
    0.9985714554786682,
    0.9985714554786682
  ],
  "loss": [
    0.37206459045410156,
    0.061294905841350555,
    0.01243087463080883,
    0.0039051144849509,
    0.00739886611700058,
    0.005584022495895624
  ],
  "val_accuracy": [
    0.5,
    0.5,
    0.5,
    0.5,
    0.5,
    0.5
  ],
  "val_loss": [
    0.7257798314094543,
    1.6899727582931519,
    3.3352739810943604,
    4.666676998138428,
    5.75078821182251,
    6.560551643371582
  ],
  "learning_rate": [
    0.0010000000474974513,
    0.0010000000474974513,
    0.0010000000474974513,
    0.0010000000474974513,
    0.0005000000237487257,
    0.0005000000237487257
  ]
}