{
  "accuracy": [
    0.5471428632736206,
    0.5271428823471069,
    0.4699999988079071,
    0.46857142448425293,
    0.4985714256763458,
    0.4642857015132904
  ],
  "loss": [
    0.7713950872421265,
    0.7658670544624329,
    0.7912032604217529,
    0.7646503448486328,
    0.751044750213623,
    0.7754767537117004
  ],
  "val_accuracy": [
    0.5,
    0.5,
    0.5,
    0.5,
    0.5,
    0.5
  ],
  "val_loss": [
    0.69448322057724,
    0.6949260830879211,
    0.6937825083732605,
    0.6936443448066711,
    0.6980689764022827,
    0.6938654184341431
  ],
  "learning_rate": [
    9.999999747378752e-05,
    9.999999747378752e-05,
    9.999999747378752e-05,
    9.999999747378752e-05,
    9.999999747378752e-05,
    9.999999747378752e-05
  ]
}