{
  "accuracy": [
    0.8914285898208618,
    0.9985714554786682,
    1.0,
    0.9985714554786682,
    1.0,
    1.0
  ],
  "loss": [
    0.2624731957912445,
    0.006096086464822292,
    0.0022777854464948177,
    0.003044718410819769,
    0.0020358788315206766,
    0.00198267656378448
  ],
  "val_accuracy": [
    1.0,
    1.0,
    1.0,
    1.0,
    1.0,
    1.0
  ],
  "val_loss": [
    0.12330640852451324,
    0.06602608412504196,
    0.04489515349268913,
    0.030986247584223747,
    0.020917696878314018,
    0.01344472635537386
  ],
  "learning_rate": [
    9.999999747378752e-05,
    9.999999747378752e-05,
    9.999999747378752e-05,
    9.999999747378752e-05,
    9.999999747378752e-05,
    9.999999747378752e-05
  ]
}