,accuracy,precision,recall,f1
custom_cnn,0.5,0.25,0.5,0.3333333333333333
transfer_learning,0.5,0.25,0.5,0.3333333333333333
