,params,avg_batch_time,avg_time_per_image
custom_cnn,111426.0,0.2779175894601004,0.0694793973650251
transfer_learning,4412197.0,1.3529246875217982,0.33823117188044954
